code,id,age_code,age,age1,common,scientific
CC,CC_1,1,Juvenile,(J),Creek chub,S. atromaculatus
CC,CC_2,2,Adult,(A),Creek chub,S. atromaculatus
CS,CS_1,1,Juvenile,(J),Common shiner,L. cornutus
CS,CS_2,2,Adult,(A),Common shiner,L. cornutus
WS,WS_1,1,Juvenile,(J),White sucker,C. commersonii
WS,WS_2,2,Adult,(A),White sucker,C. commersonii
MM,MM_1,1,Juvenile,(J),Central mudminnow,U. limi
MM,MM_2,2,Adult,(A),Central mudminnow,U. limi
PS,PS_1,1,Juvenile,(J),Pumpkinseed,L. gibbosus
PS,PS_2,2,Adult,(A),Pumpkinseed,L. gibbosus
SMB,SMB_1,1,Juvenile,(J),Smallmouth bass,M. dolomieu
SMB,SMB_2,2,Adult,(A),Smallmouth bass,M. dolomieu
